"","text","favorite_count","retweet_count"
"1","800663",8,2
"2","800659",11,1
"3","800651",19,1
"4","800647",12,0
"5","800623",11,0
"6","800621",18,3
"7","800599",16,1
"8","800593",20,2
"9","800587",35,5
"10","800573",20,3
"11","800557",24,4
"12","800549",17,2
"13","800539",25,4
"14","800537",25,3
"15","800533",33,4
"16","800521",25,5
"17","800519",23,2
"18","800509",20,1
"19","800497",19,0
"20","800483",25,0
"21","800477",21,1
"22","800473",24,1
"23","800447",29,1
"24","800441",24,2
"25","800419",24,0
"26","800417",23,0
"27","800407",34,4
"28","800399",17,2
"29","800357",19,1
"30","800351",21,1
"31","800333",86,6
"32","800329",25,0
"33","800311",22,1
"34","800291",25,1
"35","800287",31,3
"36","800281",25,2
"37","800243",33,1
"38","800237",28,2
"39","800231",29,2
"40","800221",27,4
"41","800213",34,4
"42","800209",22,0
"43","800171",16,2
"44","800161",16,0
"45","800159",21,1
"46","800143",23,1
"47","800131",22,1
"48","800123",37,2
"49","800119",18,3
"50","800117",28,1
"51","800113",33,3
"52","800089",53,6
"53","800083",48,0
"54","800077",60,4
"55","800057",25,1
"56","800053",34,2
"57","800029",47,4
"58","800011",191,12
"59","799999",1305,273
"60","799993",132,21
"61","799991",465,36
"62","799979",407,66
"63","799961",42,2
"64","799949",61,6
"65","799921",29,2
"66","799891",34,4
"67","799873",28,1
"68","799859",23,2
"69","799853",20,2
"70","799837",20,1
"71","799817",19,1
"72","799807",23,1
"73","799801",27,6
"74","799789",33,2
"75","799759",30,3
"76","799753",19,2
"77","799741",16,3
"78","799739",26,3
"79","799727",21,0
"80","799723",29,1
"81","799679",20,0
"82","799661",23,2
"83","799657",24,3
"84","799651",17,0
"85","799637",20,1
"86","799633",24,1
"87","799621",23,4
"88","799619",30,1
"89","799613",20,1
"90","799609",37,1
"91","799573",21,2
"92","799553",44,6
"93","799543",17,2
"94","799529",21,2
"95","799523",33,1
"96","799507",20,2
"97","799489",24,2
"98","799483",22,0
"99","799481",19,1
"100","799471",23,1
"101","799453",15,1
"102","799441",25,2
"103","799427",17,0
"104","799417",19,0
"105","799369",42,2
"106","799363",40,1
"107","799361",25,2
"108","799343",21,1
"109","799333",91,10
"110","799313",27,2
"111","799307",19,2
"112","799303",22,1
"113","799301",24,3
"114","799291",26,2
"115","799259",28,0
"116","799223",34,3
"117","799219",34,2
"118","799217",14,1
"119","799171",28,2
"120","799151",28,2
"121","799147",16,1
"122","799103",23,1
"123","799093",33,2
"124","799091",40,1
"125","799063",151,7
"126","799061",23,1
"127","799031",20,1
"128","799021",22,4
"129","799003",35,2
"130","798961",24,2
"131","798943",24,3
"132","798937",21,1
"133","798929",20,1
"134","798923",29,5
"135","798911",23,1
"136","798887",50,8
"137","798871",12,0
"138","798823",18,2
"139","798799",37,6
"140","798781",21,2
"141","798773",24,2
"142","798757",17,1
"143","798751",16,1
"144","798737",15,1
"145","798727",24,1
"146","798713",14,4
"147","798701",21,1
"148","798697",23,4
"149","798691",20,3
"150","798667",13,1
"151","798649",13,2
"152","798647",21,4
"153","798641",15,2
"154","798613",19,4
"155","798599",15,4
"156","798569",15,3
"157","798533",12,3
"158","798527",25,2
"159","798521",18,4
"160","798517",25,4
"161","798503",19,2
"162","798487",12,3
"163","798481",12,1
"164","798461",18,2
"165","798451",12,3
"166","798443",14,1
"167","798409",22,3
"168","798403",16,3
"169","798397",17,2
"170","798383",22,3
"171","798373",25,5
"172","798331",14,2
"173","798319",12,1
"174","798293",10,2
"175","798271",14,1
"176","798263",21,2
"177","798257",19,2
"178","798251",22,2
"179","798227",20,2
"180","798223",18,2
"181","798221",17,1
"182","798199",30,4
"183","798197",20,4
"184","798191",20,2
"185","798179",17,2
"186","798173",22,2
"187","798151",21,3
"188","798143",19,2
"189","798139",17,1
"190","798131",20,2
"191","798121",22,1
"192","798101",20,1
"193","798097",17,4
"194","798089",28,4
"195","798079",25,1
"196","798071",15,2
"197","798067",18,1
"198","798059",17,1
"199","798043",17,1
"200","798023",19,1
"201","797987",28,2
"202","797977",111,18
"203","797957",34,6
"204","797947",26,3
"205","797933",23,3
"206","797917",37,2
"207","797911",25,3
"208","797897",37,5
"209","797887",24,2
"210","797869",31,6
"211","797851",20,2
"212","797833",19,1
"213","797813",26,2
"214","797773",43,4
"215","797767",40,5
"216","797747",33,4
"217","797743",19,1
"218","797729",30,3
"219","797711",22,4
"220","797701",28,4
"221","797689",25,2
"222","797681",25,2
"223","797647",16,1
"224","797633",27,2
"225","797627",22,1
"226","797611",23,2
"227","797593",18,4
"228","797591",24,3
"229","797581",21,1
"230","797579",31,5
"231","797569",33,4
"232","797567",25,1
"233","797561",25,3
"234","797557",25,3
"235","797551",19,1
"236","797549",25,2
"237","797539",18,2
"238","797509",29,2
"239","797507",26,2
"240","797497",24,0
"241","797473",22,1
"242","797429",26,4
"243","797417",18,0
"244","797399",27,1
"245","797389",16,1
"246","797383",22,1
"247","797359",21,0
"248","797353",19,4
"249","797333",86,12
"250","797311",21,6
"251","797309",17,4
"252","797287",21,3
"253","797281",15,2
"254","797273",32,4
"255","797207",23,0
"256","797201",33,5
"257","797171",34,2
"258","797161",21,0
"259","797143",28,3
"260","797131",34,4
"261","797119",21,3
"262","797077",31,5
"263","797063",22,3
"264","797057",22,2
"265","797053",20,1
"266","797051",29,3
"267","797039",25,3
"268","797033",15,1
"269","797029",16,3
"270","797021",17,4
"271","797009",28,3
"272","797003",26,2
"273","796981",19,3
"274","796969",249,41
"275","796967",46,15
"276","796951",23,6
"277","796937",20,3
"278","796933",25,2
"279","796931",27,4
"280","796921",36,4
"281","796889",22,1
"282","796877",26,2
"283","796871",24,1
"284","796867",22,0
"285","796853",26,2
"286","796849",20,2
"287","796847",22,1
"288","796819",28,1
"289","796813",21,0
"290","796801",19,2
"291","796799",103,14
"292","796781",14,0
"293","796777",26,1
"294","796769",59,13
"295","796759",26,1
"296","796751",20,2
"297","796711",21,1
"298","796709",16,1
"299","796699",68,11
"300","796693",25,1
"301","796687",24,0
"302","796673",17,0
"303","796657",17,2
"304","796633",33,2
"305","796619",18,0
"306","796591",18,0
"307","796583",26,1
"308","796571",19,0
"309","796567",24,0
"310","796561",19,1
"311","796553",20,1
"312","796541",24,0
"313","796531",20,1
"314","796517",20,1
"315","796493",19,0
"316","796487",16,0
"317","796459",14,0
"318","796451",23,2
"319","796447",22,1
"320","796409",21,2
"321","796391",14,0
"322","796387",23,2
"323","796379",13,2
"324","796373",16,1
"325","796363",15,1
"326","796361",21,2
"327","796339",16,1
"328","796337",19,0
"329","796307",27,0
"330","796303",24,1
"331","796291",33,1
"332","796267",19,1
"333","796259",18,0
"334","796247",20,2
"335","796217",14,0
"336","796193",12,0
"337","796189",30,1
"338","796181",15,0
"339","796177",12,0
"340","796171",16,0
"341","796151",21,0
"342","796141",20,1
"343","796139",15,1
"344","796121",11,2
"345","796091",25,1
"346","796067",17,1
"347","796063",22,1
"348","796009",31,2
"349","796001",34,2
"350","795997",31,5
"351","795983",16,1
"352","795979",41,7
"353","795947",24,1
"354","795943",21,0
"355","795941",14,2
"356","795937",18,4
"357","795931",11,1
"358","795917",20,3
"359","795913",28,2
"360","795877",18,0
"361","795871",19,2
"362","795829",16,0
"363","795827",16,0
"364","795803",12,0
"365","795799",18,2
"366","795797",24,3
"367","795793",29,3
"368","795791",16,1
"369","795763",15,0
"370","795761",21,1
"371","795737",16,4
"372","795727",13,0
"373","795713",13,1
"374","795709",23,1
"375","795703",18,2
"376","795679",19,2
"377","795667",33,1
"378","795661",20,0
"379","795659",22,3
"380","795653",17,0
"381","795649",15,0
"382","795647",14,1
"383","795643",17,1
"384","795601",27,2
"385","795589",22,1
"386","795581",20,1
"387","795551",25,1
"388","795539",22,1
"389","795533",16,1
"390","795527",12,0
"391","795517",18,0
"392","795503",18,1
"393","795493",21,1
"394","795479",19,0
"395","795467",19,1
"396","795461",15,0
"397","795449",26,0
"398","795427",18,0
"399","795349",19,1
"400","795343",16,0
"401","795337",15,0
"402","795329",19,1
"403","795323",16,1
"404","795307",23,0
"405","795299",31,0
"406","795253",22,1
"407","795251",16,0
"408","795239",29,1
"409","795233",16,0
"410","795217",15,1
"411","795211",16,0
"412","795203",16,0
"413","795187",17,0
"414","795161",15,0
"415","795149",16,0
"416","795139",15,2
"417","795127",12,0
"418","795121",17,1
"419","795103",17,2
"420","795101",19,1
"421","795097",19,2
"422","795083",23,1
"423","795079",22,1
"424","795077",22,1
"425","795071",20,0
"426","795023",19,0
"427","795007",29,1
"428","795001",36,1
"429","794999",73,10
"430","794993",17,2
"431","794957",19,0
"432","794953",17,1
"433","794923",22,3
"434","794921",23,2
"435","794887",25,1
"436","794881",14,1
"437","794879",21,1
"438","794831",21,1
"439","794779",18,1
"440","794749",38,5
"441","794743",33,3
"442","794741",23,3
"443","794711",21,3
"444","794693",19,0
"445","794669",21,2
"446","794659",24,1
"447","794657",23,1
"448","794653",19,0
"449","794641",19,0
"450","794593",20,0
"451","794587",33,1
"452","794579",22,0
"453","794569",34,3
"454","794557",23,2
"455","794551",24,0
"456","794543",21,0
"457","794537",24,1
"458","794531",14,1
"459","794509",15,0
"460","794491",15,3
"461","794483",17,2
"462","794477",28,3
"463","794473",19,2
"464","794471",15,2
"465","794449",48,6
"466","794413",25,1
"467","794407",24,1
"468","794399",37,1
"469","794389",24,1
"470","794383",23,0
"471","794363",22,2
"472","794341",12,0
"473","794327",13,0
"474","794249",14,0
"475","794239",20,0
"476","794231",24,0
"477","794221",24,1
"478","794207",23,0
"479","794203",18,0
"480","794201",11,0
"481","794191",15,0
"482","794179",12,1
"483","794173",9,0
"484","794161",15,0
"485","794153",17,1
"486","794149",17,3
"487","794141",12,1
"488","794137",9,1
"489","794119",8,0
"490","794113",16,2
"491","794111",35,6
"492","794089",16,0
"493","794077",15,3
"494","794071",18,0
"495","794063",26,2
"496","794041",18,0
"497","794039",19,1
"498","794033",18,2
"499","794023",21,1
"500","794011",20,1
"501","794009",13,3
"502","793999",62,7
"503","793981",12,0
"504","793979",22,2
"505","793967",11,2
"506","793957",18,0
"507","793939",40,6
"508","793931",11,1
"509","793927",11,0
"510","793901",16,0
"511","793889",26,1
"512","793867",21,2
"513","793853",12,1
"514","793843",12,2
"515","793841",19,3
"516","793813",11,0
"517","793789",21,5
"518","793787",13,0
"519","793777",27,2
"520","793769",19,2
"521","793757",22,1
"522","793739",30,4
"523","793733",17,1
"524","793721",18,0
"525","793717",15,2
"526","793711",15,2
"527","793699",22,1
"528","793691",25,3
"529","793673",23,1
"530","793669",30,3
"531","793633",29,2
"532","793627",10,0
"533","793621",12,0
"534","793607",15,0
"535","793601",16,1
"536","793591",18,2
"537","793561",11,1
"538","793553",29,4
"539","793547",21,2
"540","793537",21,3
"541","793519",15,4
"542","793517",20,1
"543","793511",27,2
"544","793493",17,2
"545","793489",23,1
"546","793487",18,0
"547","793453",21,0
"548","793447",21,1
"549","793439",18,1
"550","793399",39,8
"551","793379",28,3
"552","793343",23,2
"553","793337",29,2
"554","793333",69,11
"555","793327",19,0
"556","793301",20,0
"557","793297",20,1
"558","793279",11,0
"559","793253",9,0
"560","793229",14,0
"561","793207",25,0
"562","793189",13,0
"563","793187",19,2
"564","793181",18,1
"565","793159",14,1
"566","793139",25,3
"567","793129",15,1
"568","793123",17,0
"569","793103",23,1
"570","793099",28,0
"571","793069",29,2
"572","793043",20,0
"573","792991",22,0
"574","792989",14,0
"575","792983",23,1
"576","792973",14,1
"577","792959",25,1
"578","792941",17,1
"579","792929",48,8
"580","792919",16,0
"581","792907",22,1
"582","792893",8,0
"583","792881",15,1
"584","792871",12,0
"585","792821",13,2
"586","792797",46,7
"587","792793",19,3
"588","792769",31,4
"589","792751",22,1
"590","792731",24,1
"591","792713",18,0
"592","792709",27,3
"593","792703",21,2
"594","792697",18,2
"595","792691",30,3
"596","792689",18,0
"597","792679",16,1
"598","792667",24,3
"599","792647",17,1
"600","792643",19,2
"601","792641",18,0
"602","792637",13,1
"603","792629",20,0
"604","792613",9,1
"605","792601",16,1
"606","792593",35,4
"607","792581",17,1
"608","792563",20,2
"609","792559",21,2
"610","792553",27,4
"611","792551",21,1
"612","792529",23,4
"613","792521",20,3
"614","792487",18,1
"615","792481",19,2
"616","792479",21,0
"617","792461",17,2
"618","792443",16,0
"619","792413",13,0
"620","792397",34,2
"621","792383",21,1
"622","792377",24,1
"623","792371",24,1
"624","792359",19,0
"625","792317",19,0
"626","792307",22,0
"627","792301",13,0
"628","792299",41,5
"629","792293",13,2
"630","792283",22,2
"631","792277",31,2
"632","792263",16,0
"633","792257",18,1
"634","792247",15,2
"635","792241",27,0
"636","792229",37,6
"637","792227",34,5
"638","792223",37,4
"639","792179",24,1
"640","792163",27,2
"641","792151",19,2
"642","792131",11,1
"643","792119",11,1
"644","792109",18,2
"645","792107",16,0
"646","792101",23,1
"647","792073",21,2
"648","792067",20,1
"649","792061",18,2
"650","792049",26,1
"651","792041",15,0
"652","792037",14,0
"653","792031",13,1
"654","792023",15,0
"655","791993",13,1
"656","791971",74,9
"657","791969",40,6
"658","791951",18,2
"659","791933",21,2
"660","791929",21,2
"661","791927",17,0
"662","791909",21,2
"663","791899",33,5
"664","791897",14,0
"665","791891",38,3
"666","791887",25,0
"667","791851",14,1
"668","791849",17,0
"669","791827",16,1
"670","791803",21,1
"671","791801",19,0
"672","791797",36,4
"673","791789",24,3
"674","791783",18,0
"675","791773",28,2
"676","791699",13,1
"677","791677",19,1
"678","791663",27,1
"679","791657",16,0
"680","791629",20,1
"681","791627",23,1
"682","791599",27,3
"683","791573",31,1
"684","791569",31,3
"685","791563",23,1
"686","791561",16,1
"687","791543",22,3
"688","791519",14,1
"689","791489",15,0
"690","791473",15,2
"691","791447",19,0
"692","791443",17,3
"693","791431",18,0
"694","791419",27,0
"695","791411",18,0
"696","791387",18,1
"697","791377",21,2
"698","791363",18,1
"699","791347",19,0
"700","791321",15,0
"701","791317",24,1
"702","791311",13,1
"703","791309",15,0
"704","791291",18,1
"705","791261",21,3
"706","791257",17,2
"707","791251",14,3
"708","791233",27,3
"709","791227",16,1
"710","791209",20,2
"711","791201",19,3
"712","791191",28,4
"713","791159",22,2
"714","791137",19,1
"715","791117",33,5
"716","791111",80,15
"717","791099",18,1
"718","791093",15,1
"719","791081",18,1
"720","791053",19,0
"721","791047",18,1
"722","791029",18,3
"723","791017",17,0
"724","791009",20,1
"725","791003",29,0
"726","790997",45,3
"727","790991",23,1
"728","790969",48,5
"729","790967",14,2
"730","790961",17,2
"731","790957",21,4
"732","790927",31,2
"733","790897",15,1
"734","790883",26,2
"735","790879",17,2
"736","790871",15,2
"737","790861",15,1
"738","790843",18,0
"739","790831",21,0
"740","790819",25,0
"741","790817",19,0
"742","790793",17,0
"743","790781",26,3
"744","790753",22,0
"745","790747",34,6
"746","790739",16,2
"747","790733",18,1
"748","790709",40,6
"749","790703",18,1
"750","790697",19,1
"751","790693",16,1
"752","790651",14,1
"753","790649",13,0
"754","790637",19,0
"755","790633",22,2
"756","790613",27,4
"757","790607",19,0
"758","790589",27,2
"759","790583",24,2
"760","790567",24,2
"761","790547",18,4
"762","790529",24,1
"763","790523",25,1
"764","790519",24,3
"765","790513",26,2
"766","790501",28,4
"767","790481",26,4
"768","790459",31,3
"769","790451",24,2
"770","790429",21,1
"771","790421",27,1
"772","790417",18,1
"773","790403",17,0
"774","790397",33,4
"775","790379",14,1
"776","790369",24,2
"777","790351",16,0
"778","790333",37,3
"779","790331",20,2
"780","790327",19,3
"781","790291",28,2
"782","790289",33,3
"783","790277",23,4
"784","790271",19,2
"785","790261",22,1
"786","790241",27,2
"787","790219",25,2
"788","790201",21,2
"789","790199",28,2
"790","790189",17,0
"791","790171",16,1
"792","790169",25,1
"793","790121",12,1
"794","790099",70,5
"795","790093",43,3
"796","790087",27,1
"797","790063",19,0
"798","790057",26,2
"799","790051",21,1
"800","790043",31,5
"801","790033",44,3
"802","790021",27,2
"803","790003",93,8
"804","789979",35,3
"805","789977",32,6
"806","789967",22,2
"807","789961",24,2
"808","789959",20,3
"809","789941",26,3
"810","789883",20,4
"811","789857",25,1
"812","789851",28,1
"813","789847",18,2
"814","789829",25,5
"815","789823",28,3
"816","789793",19,2
"817","789749",25,2
"818","789739",33,2
"819","789731",12,0
"820","789721",20,0
"821","789713",16,0
"822","789709",23,3
"823","789689",51,1
"824","789683",20,1
"825","789673",19,2
"826","789671",19,2
"827","789653",29,4
"828","789631",24,3
"829","789623",18,2
"830","789611",31,5
"831","789589",27,1
"832","789587",22,1
"833","789577",19,0
"834","789571",23,2
"835","789557",18,1
"836","789533",13,0
"837","789527",21,1
"838","789511",22,3
"839","789493",17,0
"840","789491",16,2
"841","789473",21,2
"842","789443",22,2
"843","789419",23,1
"844","789407",21,1
"845","789391",28,2
"846","789389",32,4
"847","789377",27,1
"848","789367",28,2
"849","789343",25,3
"850","789331",31,3
"851","789323",27,3
"852","789311",25,5
"853","789251",20,3
"854","789227",20,1
"855","789221",16,0
"856","789181",22,1
"857","789169",39,4
"858","789149",24,3
"859","789137",31,5
"860","789133",27,2
"861","789121",19,1
"862","789109",22,2
"863","789101",27,2
"864","789097",30,1
"865","789091",24,1
"866","789077",20,1
"867","789067",16,0
"868","789031",31,0
"869","789029",26,1
"870","789017",13,0
"871","789001",69,8
"872","788999",214,50
"873","788993",37,4
"874","788971",15,2
"875","788959",28,4
"876","788947",17,1
"877","788941",17,1
"878","788933",22,7
"879","788927",21,2
"880","788903",25,2
"881","788897",45,6
"882","788891",39,6
"883","788873",117,14
"884","788869",49,4
"885","788867",34,3
"886","788863",36,3
"887","788849",19,3
"888","788819",32,2
"889","788813",19,1
"890","788789",100,14
"891","788779",26,2
"892","788761",16,0
"893","788719",14,0
"894","788701",16,0
"895","788687",20,2
"896","788677",24,1
"897","788659",18,1
"898","788651",20,2
"899","788621",17,1
"900","788603",16,2
"901","788569",26,3
"902","788563",14,1
"903","788561",21,4
"904","788549",21,1
"905","788537",23,1
"906","788531",23,3
"907","788527",30,5
"908","788521",13,0
"909","788497",16,0
"910","788479",23,1
"911","788467",26,3
"912","788449",395,44
"913","788429",20,2
"914","788419",16,0
"915","788413",23,1
"916","788399",30,3
"917","788393",15,0
"918","788387",12,0
"919","788383",34,1
"920","788377",19,0
"921","788369",23,3
"922","788363",18,1
"923","788357",13,2
"924","788353",13,1
"925","788351",13,2
"926","788321",15,1
"927","788317",24,2
"928","788309",19,2
"929","788287",25,2
"930","788267",13,1
"931","788261",16,1
"932","788231",23,3
"933","788213",13,0
"934","788209",20,0
"935","788189",13,0
"936","788173",17,2
"937","788167",27,1
"938","788159",17,1
"939","788153",20,0
"940","788129",20,0
"941","788107",20,0
"942","788093",16,0
"943","788089",26,3
"944","788087",29,1
"945","788077",39,5
"946","788071",23,3
"947","788041",13,1
"948","788033",23,3
"949","788027",13,2
"950","788023",18,2
"951","788009",33,6
"952","787999",56,7
"953","787993",19,1
"954","787981",22,1
"955","787973",29,2
"956","787939",18,0
"957","787907",21,1
"958","787903",19,3
"959","787883",17,0
"960","787879",73,19
"961","787837",27,6
"962","787823",17,1
"963","787817",20,1
"964","787811",18,3
"965","787807",29,2
"966","787793",16,0
"967","787783",24,3
"968","787777",179,45
"969","787771",39,5
"970","787769",26,4
"971","787757",23,2
"972","787751",13,3
"973","787747",29,5
"974","787711",18,2
"975","787697",19,1
"976","787667",21,3
"977","787649",15,2
"978","787639",13,2
"979","787621",20,1
"980","787609",19,1
"981","787601",17,0
"982","787573",25,1
"983","787547",20,2
"984","787541",11,1
"985","787537",20,1
"986","787529",17,4
"987","787519",21,1
"988","787517",17,0
"989","787513",23,0
"990","787489",21,1
"991","787483",18,0
"992","787477",32,2
"993","787469",29,2
"994","787447",26,2
"995","787439",8,2
"996","787433",16,2
"997","787429",13,0
"998","787427",24,5
"999","787361",14,0
"1000","787357",19,1
"1001","787337",20,4
"1002","787333",38,4
"1003","787331",15,1
"1004","787309",15,0
"1005","787289",16,0
"1006","787277",24,2
"1007","787261",14,1
"1008","787243",25,3
"1009","787217",11,2
"1010","787207",12,0
"1011","787187",40,5
"1012","787181",22,1
"1013","787153",9,0
"1014","787139",12,0
"1015","787123",17,0
"1016","787099",26,0
"1017","787091",20,1
"1018","787079",31,1
"1019","787069",37,6
"1020","787067",15,1
"1021","787057",15,2
"1022","787051",12,1
"1023","787043",13,2
"1024","787021",11,2
"1025","786983",15,2
"1026","786979",16,1
"1027","786971",16,1
"1028","786959",25,2
"1029","786949",21,2
"1030","786941",25,3
"1031","786937",14,1
"1032","786931",24,2
"1033","786901",22,2
"1034","786889",21,5
"1035","786887",16,4
"1036","786881",12,2
"1037","786859",12,1
"1038","786833",14,0
"1039","786829",14,0
"1040","786823",11,1
"1041","786803",17,1
"1042","786763",13,2
"1043","786739",10,2
"1044","786719",14,1
"1045","786707",10,1
"1046","786703",8,0
"1047","786701",23,2
"1048","786697",10,2
"1049","786691",21,5
"1050","786673",17,3
"1051","786661",37,2
"1052","786659",15,4
"1053","786629",16,1
"1054","786613",23,1
"1055","786589",24,2
"1056","786587",22,3
"1057","786553",14,1
"1058","786551",13,3
"1059","786547",20,1
"1060","786491",17,0
"1061","786469",26,2
"1062","786449",18,0
"1063","786433",14,0
"1064","786431",15,0
"1065","786419",15,0
"1066","786407",19,1
"1067","786371",17,2
"1068","786349",17,1
"1069","786337",15,2
"1070","786329",21,0
"1071","786319",22,3
"1072","786311",21,0
"1073","786307",22,1
"1074","786271",19,1
"1075","786251",14,0
"1076","786241",19,0
"1077","786223",10,0
"1078","786211",20,1
"1079","786197",16,2
"1080","786179",21,2
"1081","786173",24,3
"1082","786167",16,2
"1083","786151",26,1
"1084","786127",19,0
"1085","786109",16,0
"1086","786077",16,0
"1087","786061",11,0
"1088","786059",14,0
"1089","786053",23,0
"1090","786047",13,1
"1091","786031",16,0
"1092","786017",18,1
"1093","786013",14,1
"1094","786001",40,5
"1095","785963",21,1
"1096","785951",16,0
"1097","785947",20,1
"1098","785923",20,0
"1099","785921",16,0
"1100","785903",22,3
"1101","785879",14,0
"1102","785861",20,2
"1103","785857",31,6
"1104","785839",19,2
"1105","785809",23,1
"1106","785803",19,1
"1107","785801",26,2
"1108","785779",18,1
"1109","785777",33,2
"1110","785773",20,2
"1111","785753",21,5
"1112","785737",19,2
"1113","785731",14,1
"1114","785717",16,1
"1115","785693",41,5
"1116","785671",18,1
"1117","785651",12,0
"1118","785641",19,1
"1119","785627",20,2
"1120","785623",29,2
"1121","785597",16,1
"1122","785591",27,1
"1123","785579",18,2
"1124","785573",32,2
"1125","785569",16,1
"1126","785549",17,0
"1127","785537",13,0
"1128","785527",21,2
"1129","785503",24,1
"1130","785501",26,1
"1131","785483",27,3
"1132","785461",15,0
"1133","785459",14,0
"1134","785431",20,0
"1135","785423",22,1
"1136","785413",25,0
"1137","785377",27,4
"1138","785363",22,2
"1139","785357",30,3
"1140","785353",35,2
"1141","785347",16,0
"1142","785341",15,3
"1143","785333",29,0
"1144","785329",23,0
"1145","785321",29,1
"1146","785311",14,0
"1147","785303",27,2
"1148","785299",24,2
"1149","785293",28,2
"1150","785287",19,2
"1151","785269",25,2
"1152","785249",16,0
"1153","785227",11,0
"1154","785221",13,3
"1155","785219",18,0
"1156","785207",19,0
"1157","785203",13,0
"1158","785167",14,0
"1159","785159",15,0
"1160","785153",24,0
"1161","785143",17,1
"1162","785129",17,0
"1163","785123",23,3
"1164","785119",23,2
"1165","785107",22,1
"1166","785101",23,0
"1167","785093",17,2
"1168","785053",12,0
"1169","785033",19,0
"1170","785017",14,0
"1171","785003",15,0
"1172","784981",13,1
"1173","784961",17,0
"1174","784957",9,0
"1175","784939",15,1
"1176","784919",20,1
"1177","784913",12,1
"1178","784897",17,2
"1179","784867",22,2
"1180","784859",17,2
"1181","784841",26,1
"1182","784837",21,4
"1183","784831",12,0
"1184","784799",14,0
"1185","784789",10,1
"1186","784753",15,1
"1187","784727",19,1
"1188","784723",13,1
"1189","784717",20,2
"1190","784697",22,3
"1191","784687",20,4
"1192","784661",22,3
"1193","784649",22,1
"1194","784627",17,1
"1195","784603",22,2
"1196","784583",17,0
"1197","784577",15,1
"1198","784573",9,1
"1199","784561",15,1
"1200","784547",30,1
"1201","784543",21,2
"1202","784541",19,2
"1203","784513",21,1
"1204","784501",17,1
"1205","784489",22,1
"1206","784481",23,2
"1207","784471",15,1
"1208","784463",18,1
"1209","784457",15,2
"1210","784451",23,3
"1211","784447",22,3
"1212","784423",18,0
"1213","784411",13,0
"1214","784409",14,1
"1215","784387",22,1
"1216","784379",17,3
"1217","784373",18,0
"1218","784367",14,0
"1219","784351",19,1
"1220","784349",15,1
"1221","784327",15,0
"1222","784321",24,0
"1223","784313",14,0
"1224","784309",12,0
"1225","784307",14,2
"1226","784283",18,0
"1227","784249",17,2
"1228","784243",12,1
"1229","784229",26,1
"1230","784219",25,2
"1231","784213",20,1
"1232","784211",9,1
"1233","784183",18,2
"1234","784181",15,1
"1235","784171",19,2
"1236","784153",14,0
"1237","784129",24,2
"1238","784117",23,4
"1239","784109",18,0
"1240","784103",20,0
"1241","784097",22,1
"1242","784087",32,1
"1243","784081",25,0
"1244","784061",18,2
"1245","784039",21,0
"1246","784009",16,1
"1247","783953",16,0
"1248","783931",13,0
"1249","783877",13,0
"1250","783869",16,2
"1251","783829",17,3
"1252","783803",28,2
"1253","783799",23,0
"1254","783793",23,1
"1255","783791",18,0
"1256","783787",34,4
"1257","783781",36,3
"1258","783779",25,2
"1259","783767",19,4
"1260","783763",27,5
"1261","783749",16,0
"1262","783743",21,0
"1263","783737",35,5
"1264","783733",27,3
"1265","783721",17,1
"1266","783719",19,1
"1267","783707",12,0
"1268","783703",23,0
"1269","783701",15,0
"1270","783691",27,3
"1271","783689",18,0
"1272","783677",22,3
"1273","783661",23,1
"1274","783647",17,0
"1275","783641",14,0
"1276","783619",16,0
"1277","783613",23,2
"1278","783599",25,2
"1279","783571",19,1
"1280","783569",21,4
"1281","783557",16,1
"1282","783553",20,3
"1283","783533",17,4
"1284","783529",20,2
"1285","783527",14,1
"1286","783487",19,2
"1287","783473",20,1
"1288","783421",22,1
"1289","783413",19,0
"1290","783407",13,0
"1291","783379",20,1
"1292","783373",28,4
"1293","783361",22,4
"1294","783359",23,2
"1295","783337",39,4
"1296","783329",14,2
"1297","783323",25,3
"1298","783317",17,1
"1299","783283",12,0
"1300","783269",20,1
"1301","783259",15,0
"1302","783257",12,0
"1303","783247",15,0
"1304","783227",17,3
"1305","783197",14,0
"1306","783193",13,0
"1307","783191",22,1
"1308","783151",17,0
"1309","783149",26,2
"1310","783143",21,1
"1311","783137",15,1
"1312","783131",11,0
"1313","783121",27,1
"1314","783119",18,0
"1315","783089",23,0
"1316","783077",21,2
"1317","783043",18,1
"1318","783023",8,1
"1319","783019",16,0
"1320","783011",17,0
"1321","783007",38,4
"1322","782993",17,2
"1323","782983",22,1
"1324","782981",9,2
"1325","782963",23,1
"1326","782941",15,0
"1327","782921",13,0
"1328","782911",15,1
"1329","782891",13,0
"1330","782861",16,2
"1331","782849",18,1
"1332","782839",22,2
"1333","782791",13,1
"1334","782783",27,2
"1335","782777",32,3
"1336","782723",20,1
"1337","782711",17,0
"1338","782707",13,1
"1339","782689",16,0
"1340","782687",19,1
"1341","782671",20,0
"1342","782669",40,3
"1343","782659",23,1
"1344","782641",22,1
"1345","782611",15,0
"1346","782581",20,2
"1347","782539",16,1
"1348","782519",13,0
"1349","782501",19,0
"1350","782497",16,1
"1351","782489",18,1
"1352","782473",14,2
"1353","782461",13,0
"1354","782443",18,1
"1355","782429",13,2
"1356","782393",20,0
"1357","782389",17,0
"1358","782387",18,2
"1359","782381",20,1
"1360","782371",22,0
"1361","782339",15,0
"1362","782329",18,0
"1363","782311",22,0
"1364","782297",14,0
"1365","782267",18,0
"1366","782263",10,0
"1367","782251",15,0
"1368","782231",21,0
"1369","782219",16,3
"1370","782209",13,3
"1371","782191",20,0
"1372","782189",18,0
"1373","782183",23,1
"1374","782149",21,0
"1375","782147",16,2
"1376","782141",22,2
"1377","782137",24,3
"1378","782129",12,1
"1379","782123",18,1
"1380","782113",12,0
"1381","782107",18,2
"1382","782087",21,1
"1383","782083",20,1
"1384","782071",17,0
"1385","782057",23,1
"1386","782053",31,0
"1387","782011",18,1
"1388","782009",15,1
"1389","782003",27,4
"1390","781999",26,2
"1391","781997",24,1
"1392","781987",17,1
"1393","781973",13,0
"1394","781969",35,3
"1395","781967",12,1
"1396","781961",8,0
"1397","781951",12,0
"1398","781919",20,1
"1399","781897",19,0
"1400","781889",30,0
"1401","781883",16,0
"1402","781867",15,0
"1403","781861",21,2
"1404","781853",22,1
"1405","781819",24,1
"1406","781817",34,6
"1407","781801",20,0
"1408","781799",23,3
"1409","781771",14,1
"1410","781741",19,1
"1411","781733",18,1
"1412","781721",17,0
"1413","781681",29,1
"1414","781673",21,0
"1415","781661",22,1
"1416","781633",16,0
"1417","781631",13,1
"1418","781619",14,2
"1419","781607",22,1
"1420","781601",20,0
"1421","781589",16,0
"1422","781567",27,1
"1423","781559",15,1
"1424","781531",16,0
"1425","781523",20,2
"1426","781519",15,0
"1427","781513",15,1
"1428","781511",29,0
"1429","781493",35,3
"1430","781483",20,0
"1431","781481",29,2
"1432","781453",38,1
"1433","781433",21,0
"1434","781427",24,2
"1435","781423",26,2
"1436","781409",31,0
"1437","781399",29,1
"1438","781397",29,3
"1439","781387",17,1
"1440","781369",32,2
"1441","781367",18,1
"1442","781357",24,1
"1443","781351",20,0
"1444","781327",24,0
"1445","781321",22,1
"1446","781309",19,0
"1447","781307",23,1
"1448","781301",20,0
"1449","781283",22,0
"1450","781271",21,2
"1451","781247",25,2
"1452","781243",24,4
"1453","781229",24,1
"1454","781217",27,2
"1455","781211",24,2
"1456","781199",28,1
"1457","781171",19,1
"1458","781163",22,1
"1459","781139",15,0
"1460","781129",24,0
"1461","781127",18,2
"1462","781117",15,0
"1463","781111",66,7
"1464","781087",20,0
"1465","781069",18,1
"1466","781063",12,0
"1467","781051",9,0
"1468","781043",24,0
"1469","781021",15,0
"1470","781007",18,0
"1471","781003",24,0
"1472","780991",9,1
"1473","780973",10,0
"1474","780971",12,1
"1475","780961",23,2
"1476","780953",21,0
"1477","780931",17,0
"1478","780917",25,2
"1479","780889",24,1
"1480","780887",34,3
"1481","780877",22,0
"1482","780869",20,1
"1483","780853",21,0
"1484","780851",22,0
"1485","780841",25,1
"1486","780833",28,2
"1487","780823",23,2
"1488","780817",19,1
"1489","780809",35,4
"1490","780803",24,0
"1491","780799",24,1
"1492","780733",20,0
"1493","780721",18,0
"1494","780719",28,0
"1495","780707",35,0
"1496","780697",24,2
"1497","780683",19,1
"1498","780679",20,1
"1499","780671",15,1
"1500","780667",13,0
"1501","780649",13,0
"1502","780631",21,2
"1503","780613",19,1
"1504","780601",26,0
"1505","780587",18,1
"1506","780583",16,1
"1507","780553",18,0
"1508","780523",28,1
"1509","780499",25,0
"1510","780469",25,3
"1511","780457",19,1
"1512","780433",18,0
"1513","780421",26,0
"1514","780401",17,1
"1515","780397",26,2
"1516","780389",20,0
"1517","780383",25,1
"1518","780379",19,0
"1519","780371",20,0
"1520","780347",15,0
"1521","780343",11,0
"1522","780323",19,2
"1523","780287",18,4
"1524","780257",14,2
"1525","780253",23,1
"1526","780233",24,1
"1527","780223",25,1
"1528","780211",22,2
"1529","780193",28,1
"1530","780191",19,0
"1531","780179",17,0
"1532","780173",23,1
"1533","780163",15,0
"1534","780127",14,0
"1535","780119",21,1
"1536","780061",32,1
"1537","780049",17,0
"1538","780047",12,0
"1539","780041",17,0
"1540","780037",23,1
"1541","780029",33,1
"1542","779993",71,2
"1543","779983",22,0
"1544","779981",14,2
"1545","779971",22,0
"1546","779939",23,0
"1547","779927",16,2
"1548","779899",42,1
"1549","779887",21,0
"1550","779879",21,0
"1551","779873",21,0
"1552","779869",23,1
"1553","779837",14,0
"1554","779827",21,1
"1555","779797",105,18
"1556","779791",27,1
"1557","779771",33,2
"1558","779767",37,1
"1559","779761",15,0
"1560","779749",20,0
"1561","779747",25,2
"1562","779731",17,2
"1563","779707",22,0
"1564","779699",41,2
"1565","779693",18,3
"1566","779663",22,0
"1567","779659",19,1
"1568","779657",12,0
"1569","779621",15,0
"1570","779617",22,1
"1571","779609",27,2
"1572","779599",38,3
"1573","779593",22,0
"1574","779591",29,0
"1575","779579",24,1
"1576","779573",19,0
"1577","779563",16,0
"1578","779561",17,0
"1579","779543",17,2
"1580","779531",20,0
"1581","779521",20,0
"1582","779507",18,0
"1583","779489",27,1
"1584","779477",20,0
"1585","779413",19,0
"1586","779377",40,5
"1587","779357",24,2
"1588","779353",25,4
"1589","779351",18,1
"1590","779347",26,0
"1591","779341",16,0
"1592","779329",9,0
"1593","779327",17,0
"1594","779267",20,2
"1595","779249",14,1
"1596","779239",19,1
"1597","779231",17,2
"1598","779221",24,2
"1599","779189",13,1
"1600","779173",23,1
"1601","779159",28,0
"1602","779137",16,1
"1603","779131",14,2
"1604","779111",54,7
"1605","779101",24,2
"1606","779081",19,0
"1607","779069",32,1
"1608","779063",25,1
"1609","779039",27,1
"1610","779021",22,0
"1611","779011",24,0
"1612","779003",34,1
"1613","778993",21,0
"1614","778979",25,0
"1615","778963",25,0
"1616","778951",14,0
"1617","778933",21,1
"1618","778927",25,1
"1619","778913",22,1
"1620","778907",18,0
"1621","778903",26,2
"1622","778879",37,2
"1623","778873",17,2
"1624","778871",30,2
"1625","778847",24,1
"1626","778831",18,0
"1627","778819",22,2
"1628","778793",22,0
"1629","778777",136,31
"1630","778769",29,6
"1631","778763",24,1
"1632","778759",18,0
"1633","778733",19,0
"1634","778727",20,1
"1635","778717",15,1
"1636","778709",16,0
"1637","778699",25,2
"1638","778697",16,1
"1639","778693",26,2
"1640","778681",17,0
"1641","778667",28,1
"1642","778663",15,1
"1643","778643",16,1
"1644","778633",17,1
"1645","778597",15,0
"1646","778579",26,1
"1647","778567",18,0
"1648","778559",22,0
"1649","778553",24,2
"1650","778541",17,0
"1651","778537",20,0
"1652","778529",20,0
"1653","778523",22,0
"1654","778513",21,1
"1655","778511",29,1
"1656","778507",24,2
"1657","778469",25,5
"1658","778439",23,2
"1659","778417",19,0
"1660","778409",28,2
"1661","778403",18,0
"1662","778397",26,1
"1663","778391",18,0
"1664","778363",15,1
"1665","778361",12,1
"1666","778357",15,0
"1667","778333",38,3
"1668","778319",23,1
"1669","778313",28,1
"1670","778307",21,0
"1671","778301",26,1
"1672","778247",27,0
"1673","778241",22,0
"1674","778237",21,0
"1675","778223",30,2
"1676","778213",26,0
"1677","778201",21,1
"1678","778187",27,2
"1679","778163",20,0
"1680","778153",17,0
"1681","778123",19,0
"1682","778121",18,0
"1683","778111",52,3
"1684","778109",16,0
"1685","778097",19,1
"1686","778091",15,0
"1687","778081",11,0
"1688","778079",10,0
"1689","778061",15,0
"1690","778051",19,0
"1691","778049",26,1
"1692","778027",15,0
"1693","778013",18,1
"1694","777989",41,5
"1695","777979",78,11
"1696","777977",168,35
"1697","777919",25,3
"1698","777911",43,2
"1699","777901",24,0
"1700","777877",98,13
"1701","777871",29,1
"1702","777863",25,0
"1703","777859",27,0
"1704","777857",17,1
"1705","777839",21,1
"1706","777817",24,1
"1707","777787",183,30
"1708","777781",32,1
"1709","777769",108,21
"1710","777761",30,1
"1711","777743",40,0
"1712","777737",185,47
"1713","777731",55,10
"1714","777683",15,1
"1715","777677",817,51
"1716","777671",14,2
"1717","777661",30,2
"1718","777643",15,1
"1719","777641",16,1
"1720","777619",26,2
"1721","777617",29,1
"1722","777589",23,1
"1723","777583",23,0
"1724","777571",24,2
"1725","777551",19,3
"1726","777541",11,0
"1727","777479",18,2
"1728","777473",27,1
"1729","777463",18,0
"1730","777451",16,0
"1731","777437",27,2
"1732","777433",12,1
"1733","777431",20,1
"1734","777421",17,0
"1735","777419",9,0
"1736","777391",18,2
"1737","777389",21,3
"1738","777383",23,3
"1739","777373",64,12
"1740","777353",19,0
"1741","777349",12,1
"1742","777317",16,1
"1743","777313",29,2
"1744","777277",251,40
"1745","777269",34,3
"1746","777251",20,0
"1747","777247",19,0
"1748","777241",18,0
"1749","777221",23,0
"1750","777209",17,1
"1751","777199",35,7
"1752","777191",21,1
"1753","777187",22,0
"1754","777181",21,2
"1755","777173",17,0
"1756","777169",45,3
"1757","777167",27,0
"1758","777151",33,0
"1759","777143",18,1
"1760","777137",31,3
"1761","777109",16,1
"1762","777103",19,0
"1763","777097",22,4
"1764","777071",47,4
"1765","777041",28,4
"1766","777031",31,1
"1767","777013",26,4
"1768","777011",40,10
"1769","777001",98,28
"1770","776987",25,1
"1771","776983",22,2
"1772","776977",46,6
"1773","776969",64,19
"1774","776947",18,1
"1775","776921",20,1
"1776","776899",35,5
"1777","776887",25,1
"1778","776879",14,0
"1779","776869",26,3
"1780","776861",16,1
"1781","776851",9,0
"1782","776837",23,1
"1783","776819",18,0
"1784","776813",18,1
"1785","776801",14,2
"1786","776759",16,1
"1787","776753",16,1
"1788","776749",23,2
"1789","776729",21,0
"1790","776719",18,2
"1791","776693",26,2
"1792","776683",21,3
"1793","776651",18,1
"1794","776627",20,1
"1795","776599",28,1
"1796","776569",14,1
"1797","776563",23,2
"1798","776561",17,0
"1799","776557",28,2
"1800","776551",17,1
"1801","776521",13,0
"1802","776513",15,0
"1803","776507",13,0
"1804","776497",14,0
"1805","776483",11,0
"1806","776471",27,0
"1807","776467",18,0
"1808","776453",10,1
"1809","776449",19,2
"1810","776429",14,0
"1811","776401",12,1
"1812","776389",18,0
"1813","776357",13,0
"1814","776327",12,1
"1815","776317",20,1
"1816","776287",16,0
"1817","776267",19,3
"1818","776257",20,0
"1819","776249",19,1
"1820","776233",18,2
"1821","776221",19,0
"1822","776219",17,0
"1823","776201",16,0
"1824","776183",12,1
"1825","776179",11,0
"1826","776177",20,1
"1827","776173",19,1
"1828","776159",22,1
"1829","776143",16,0
"1830","776137",21,1
"1831","776119",19,0
"1832","776117",16,0
"1833","776099",23,1
"1834","776077",25,0
"1835","776059",16,1
"1836","776057",16,1
"1837","776047",12,0
"1838","776029",14,0
"1839","776003",22,2
"1840","775987",12,0
"1841","775963",15,0
"1842","775949",21,0
"1843","775939",20,1
"1844","775937",15,0
"1845","775933",17,2
"1846","775919",13,0
"1847","775889",17,1
"1848","775871",18,0
"1849","775861",13,0
"1850","775823",19,1
"1851","775811",20,0
"1852","775807",14,0
"1853","775787",17,2
"1854","775777",93,20
"1855","775757",53,14
"1856","775741",14,0
"1857","775739",13,1
"1858","775729",13,2
"1859","775711",15,2
"1860","775681",15,2
"1861","775669",21,5
"1862","775661",16,1
"1863","775639",17,1
"1864","775633",12,1
"1865","775627",13,0
"1866","775613",13,2
"1867","775603",21,1
"1868","775601",12,1
"1869","775573",16,0
"1870","775553",18,1
"1871","775531",18,0
"1872","775517",17,2
"1873","775513",15,1
"1874","775507",22,0
"1875","775477",30,5
"1876","775451",20,0
"1877","775441",24,2
"1878","775417",12,0
"1879","775393",15,1
"1880","775367",15,0
"1881","775363",9,1
"1882","775361",7,1
"1883","775349",11,2
"1884","775343",12,0
"1885","775309",9,0
"1886","775273",23,0
"1887","775267",16,1
"1888","775259",14,0
"1889","775241",18,0
"1890","775237",24,1
"1891","775193",13,3
"1892","775189",12,0
"1893","775163",15,3
"1894","775157",26,2
"1895","775153",16,1
"1896","775147",15,2
"1897","775121",16,1
"1898","775097",23,4
"1899","775091",23,1
"1900","775087",10,0
"1901","775079",22,0
"1902","775063",17,0
"1903","775057",16,0
"1904","775043",16,1
"1905","775037",17,1
"1906","775007",24,3
"1907","774997",17,2
"1908","774959",21,1
"1909","774931",17,0
"1910","774929",14,0
"1911","774919",18,4
"1912","774901",12,0
"1913","774863",16,0
"1914","774857",12,0
"1915","774853",20,0
"1916","774833",19,0
"1917","774821",20,0
"1918","774811",14,1
"1919","774803",11,0
"1920","774799",17,3
"1921","774797",21,0
"1922","774791",22,2
"1923","774779",28,2
"1924","774773",33,2
"1925","774757",24,0
"1926","774733",20,0
"1927","774703",8,2
"1928","774691",14,2
"1929","774679",16,1
"1930","774671",9,0
"1931","774667",47,8
"1932","774661",16,0
"1933","774643",14,0
"1934","774629",17,2
"1935","774601",14,2
"1936","774593",19,0
"1937","774589",17,0
"1938","774583",10,0
"1939","774577",26,4
"1940","774551",19,0
"1941","774541",17,0
"1942","774523",25,2
"1943","774511",16,1
"1944","774491",24,1
"1945","774467",20,0
"1946","774463",19,0
"1947","774439",20,0
"1948","774427",21,1
"1949","774377",33,3
"1950","774343",25,6
"1951","774337",21,2
"1952","774317",10,2
"1953","774313",17,2
"1954","774289",15,0
"1955","774283",13,1
"1956","774239",19,0
"1957","774233",21,2
"1958","774229",16,3
"1959","774223",19,2
"1960","774217",15,0
"1961","774199",27,2
"1962","774181",10,0
"1963","774173",20,0
"1964","774161",19,1
"1965","774149",12,1
"1966","774143",21,0
"1967","774133",16,0
"1968","774131",15,1
"1969","774127",21,1
"1970","774119",17,0
"1971","774107",13,0
"1972","774083",9,0
"1973","774073",25,0
"1974","774071",15,1
"1975","774047",27,4
"1976","774023",24,1
"1977","774017",24,1
"1978","774001",29,2
"1979","773999",56,12
"1980","773989",18,1
"1981","773987",19,0
"1982","773953",15,2
"1983","773951",20,0
"1984","773939",21,1
"1985","773933",17,3
"1986","773909",18,0
"1987","773897",17,0
"1988","773879",18,1
"1989","773869",15,3
"1990","773867",12,1
"1991","773863",12,1
"1992","773849",19,1
"1993","773837",14,2
"1994","773831",13,0
"1995","773821",12,1
"1996","773803",11,1
"1997","773779",21,6
"1998","773777",89,29
"1999","773767",13,1
"2000","773723",26,6
"2001","773719",11,1
"2002","773713",15,0
"2003","773693",16,5
"2004","773683",11,1
"2005","773681",19,1
"2006","773659",12,1
"2007","773657",14,2
"2008","773611",16,1
"2009","773609",21,1
"2010","773603",16,3
"2011","773599",18,0
"2012","773579",14,1
"2013","773569",15,2
"2014","773567",14,2
"2015","773561",15,0
"2016","773537",16,1
"2017","773533",21,4
"2018","773501",12,1
"2019","773497",20,0
"2020","773491",18,0
"2021","773473",27,0
"2022","773453",20,1
"2023","773447",27,0
"2024","773417",16,4
"2025","773407",12,2
"2026","773393",18,2
"2027","773387",13,1
"2028","773371",26,5
"2029","773363",18,2
"2030","773341",9,1
"2031","773317",18,4
"2032","773299",10,0
"2033","773287",14,0
"2034","773273",10,0
"2035","773251",15,0
"2036","773249",14,1
"2037","773239",18,1
"2038","773231",23,3
"2039","773209",11,1
"2040","773207",21,2
"2041","773159",11,2
"2042","773153",14,0
"2043","773147",18,0
"2044","773117",19,2
"2045","773093",24,1
"2046","773083",14,0
"2047","773081",11,0
"2048","773063",18,1
"2049","773057",7,0
"2050","773039",11,0
"2051","773029",14,1
"2052","773027",11,1
"2053","773023",20,0
"2054","773021",9,0
"2055","772991",15,3
"2056","772987",16,1
"2057","772963",15,1
"2058","772949",16,1
"2059","772921",15,1
"2060","772913",9,0
"2061","772909",13,2
"2062","772907",10,0
"2063","772903",16,1
"2064","772867",14,0
"2065","772859",17,1
"2066","772853",16,2
"2067","772847",10,1
"2068","772843",10,0
"2069","772789",18,0
"2070","772771",63,14
"2071","772757",24,1
"2072","772721",35,6
"2073","772703",12,0
"2074","772697",16,2
"2075","772691",12,2
"2076","772669",25,3
"2077","772663",22,1
"2078","772661",19,1
"2079","772657",23,3
"2080","772649",11,0
"2081","772631",23,2
"2082","772619",20,0
"2083","772591",17,2
"2084","772573",13,0
"2085","772571",17,0
"2086","772567",15,0
"2087","772537",17,2
"2088","772517",19,2
"2089","772493",13,0
"2090","772477",50,5
"2091","772459",11,0
"2092","772451",10,0
"2093","772441",21,0
"2094","772439",25,1
"2095","772403",25,2
"2096","772393",23,2
"2097","772391",18,0
"2098","772381",16,1
"2099","772379",17,1
"2100","772367",19,1
"2101","772349",16,0
"2102","772339",22,2
"2103","772333",46,7
"2104","772313",29,1
"2105","772297",16,1
"2106","772279",31,2
"2107","772273",25,1
"2108","772231",25,1
"2109","772229",45,7
"2110","772207",20,0
"2111","772181",17,3
"2112","772169",18,1
"2113","772159",18,2
"2114","772147",27,3
"2115","772139",19,1
"2116","772127",29,2
"2117","772097",18,1
"2118","772091",15,0
"2119","772081",21,0
"2120","772073",21,0
"2121","772061",18,2
"2122","772019",18,1
"2123","772003",19,3
"2124","772001",33,3
"2125","771997",21,1
"2126","771973",13,1
"2127","771971",14,1
"2128","771961",19,0
"2129","771941",22,0
"2130","771937",15,1
"2131","771917",12,1
"2132","771899",27,3
"2133","771889",14,1
"2134","771887",14,1
"2135","771877",24,2
"2136","771863",15,1
"2137","771853",9,0
"2138","771809",16,1
"2139","771781",15,0
"2140","771769",36,5
"2141","771763",19,0
"2142","771739",12,1
"2143","771703",17,2
"2144","771697",18,2
"2145","771691",9,1
"2146","771679",13,1
"2147","771653",11,1
"2148","771643",12,1
"2149","771637",15,0
"2150","771629",15,2
"2151","771623",13,2
"2152","771619",16,2
"2153","771607",17,1
"2154","771587",16,0
"2155","771583",15,0
"2156","771569",26,1
"2157","771553",22,1
"2158","771527",20,0
"2159","771517",17,2
"2160","771509",16,1
"2161","771503",17,1
"2162","771499",28,1
"2163","771481",17,0
"2164","771473",13,1
"2165","771461",20,2
"2166","771439",18,0
"2167","771437",19,0
"2168","771431",15,0
"2169","771427",18,0
"2170","771403",18,0
"2171","771401",17,1
"2172","771389",21,0
"2173","771359",12,1
"2174","771349",18,1
"2175","771301",11,1
"2176","771299",26,2
"2177","771293",20,0
"2178","771289",16,1
"2179","771283",16,0
"2180","771269",20,2
"2181","771233",18,1
"2182","771227",18,1
"2183","771217",25,1
"2184","771209",19,0
"2185","771181",20,0
"2186","771179",20,3
"2187","771163",21,0
"2188","771143",19,0
"2189","771109",20,1
"2190","771091",20,1
"2191","771079",66,5
"2192","771073",19,1
"2193","771049",17,0
"2194","771047",14,0
"2195","771037",20,5
"2196","771031",22,2
"2197","771019",15,1
"2198","771013",17,2
"2199","771011",19,2
"2200","770993",12,1
"2201","770981",10,0
"2202","770971",15,1
"2203","770951",18,0
"2204","770929",12,0
"2205","770927",16,1
"2206","770909",30,6
"2207","770897",30,1
"2208","770881",22,1
"2209","770873",16,1
"2210","770867",25,3
"2211","770863",18,0
"2212","770843",21,0
"2213","770839",25,1
"2214","770837",21,3
"2215","770813",17,1
"2216","770801",21,0
"2217","770789",19,0
"2218","770771",54,10
"2219","770767",26,3
"2220","770761",21,2
"2221","770741",17,0
"2222","770669",25,3
"2223","770663",24,4
"2224","770657",17,2
"2225","770647",20,1
"2226","770641",14,0
"2227","770639",17,0
"2228","770611",19,1
"2229","770597",16,1
"2230","770591",19,1
"2231","770587",16,1
"2232","770579",19,0
"2233","770573",25,1
"2234","770557",22,1
"2235","770551",31,2
"2236","770537",21,0
"2237","770533",26,0
"2238","770527",23,0
"2239","770519",16,1
"2240","770503",14,0
"2241","770459",16,2
"2242","770449",17,0
"2243","770447",15,1
"2244","770437",21,0
"2245","770417",11,1
"2246","770401",21,2
"2247","770387",14,1
"2248","770359",8,0
"2249","770353",17,3
"2250","770311",19,2
"2251","770309",24,2
"2252","770291",15,1
"2253","770281",20,1
"2254","770261",15,0
"2255","770239",13,0
"2256","770233",19,1
"2257","770227",18,1
"2258","770207",18,0
"2259","770191",17,1
"2260","770183",15,0
"2261","770179",17,1
"2262","770177",52,3
"2263","770167",26,1
"2264","770129",25,1
"2265","770123",30,2
"2266","770113",29,2
"2267","770111",69,18
"2268","770101",39,6
"2269","770069",50,6
"2270","770059",11,0
"2271","770057",26,3
"2272","770053",14,0
"2273","770047",19,0
"2274","770041",21,2
"2275","770039",24,2
"2276","770027",16,4
"2277","769999",207,53
"2278","769997",53,9
"2279","769987",21,2
"2280","769973",26,2
"2281","769963",18,2
"2282","769961",29,3
"2283","769943",23,2
"2284","769927",15,2
"2285","769919",32,4
"2286","769903",18,1
"2287","769871",16,1
"2288","769837",17,1
"2289","769807",22,1
"2290","769799",36,4
"2291","769789",25,5
"2292","769781",21,4
"2293","769751",28,4
"2294","769739",29,6
"2295","769733",19,4
"2296","769729",29,4
"2297","769723",28,5
"2298","769687",18,3
"2299","769673",14,5
"2300","769663",30,5
"2301","769661",29,3
"2302","769627",26,3
"2303","769619",29,5
"2304","769597",14,2
"2305","769591",14,3
"2306","769589",21,3
"2307","769579",24,3
"2308","769577",22,3
"2309","769553",17,2
"2310","769547",14,2
"2311","769543",23,2
"2312","769541",24,2
"2313","769487",14,3
"2314","769469",39,2
"2315","769463",18,4
"2316","769459",23,3
"2317","769453",32,3
"2318","769429",18,4
"2319","769423",19,5
"2320","769421",28,3
"2321","769411",19,4
"2322","769387",11,4
"2323","769357",19,3
"2324","769339",13,2
"2325","769319",15,6
"2326","769309",23,3
"2327","769297",13,4
"2328","769289",23,5
"2329","769273",22,5
"2330","769261",14,2
"2331","769259",17,4
"2332","769247",17,2
"2333","769243",19,4
"2334","769231",17,6
"2335","769207",17,3
"2336","769169",37,4
"2337","769159",18,2
"2338","769151",18,3
"2339","769147",15,4
"2340","769123",25,3
"2341","769117",19,2
"2342","769091",22,3
"2343","769081",16,3
"2344","769073",19,4
"2345","769057",22,4
"2346","769039",21,3
"2347","769033",28,2
"2348","769019",19,3
"2349","769007",15,5
"2350","769003",28,3
"2351","768983",18,0
"2352","768979",18,1
"2353","768953",15,0
"2354","768941",17,0
"2355","768931",23,1
"2356","768923",23,1
"2357","768881",34,1
"2358","768869",27,2
"2359","768857",17,1
"2360","768853",14,0
"2361","768851",16,0
"2362","768841",23,0
"2363","768811",23,2
"2364","768799",13,1
"2365","768793",17,0
"2366","768787",38,2
"2367","768773",24,0
"2368","768767",29,2
"2369","768751",18,2
"2370","768727",19,1
"2371","768671",15,0
"2372","768653",20,1
"2373","768643",13,1
"2374","768641",12,0
"2375","768631",12,1
"2376","768629",20,1
"2377","768623",23,2
"2378","768613",16,0
"2379","768589",16,2
"2380","768571",12,0
"2381","768563",20,2
"2382","768541",16,1
"2383","768503",17,2
"2384","768491",22,4
"2385","768479",22,1
"2386","768461",15,1
"2387","768457",21,4
"2388","768437",18,2
"2389","768431",19,2
"2390","768419",19,2
"2391","768409",18,1
"2392","768401",19,0
"2393","768389",14,0
"2394","768377",17,2
"2395","768373",19,1
"2396","768371",18,2
"2397","768359",19,1
"2398","768353",17,1
"2399","768347",21,1
"2400","768343",25,3
"2401","768329",19,2
"2402","768323",20,0
"2403","768319",20,1
"2404","768301",15,1
"2405","768263",16,1
"2406","768259",15,1
"2407","768241",23,1
"2408","768221",13,0
"2409","768203",16,0
"2410","768199",24,2
"2411","768197",20,1
"2412","768193",15,0
"2413","768191",19,0
"2414","768169",23,2
"2415","768167",13,1
"2416","768161",13,0
"2417","768139",15,0
"2418","768133",13,2
"2419","768127",10,1
"2420","768107",13,1
"2421","768101",14,0
"2422","768073",13,1
"2423","768059",14,0
"2424","768049",17,0
"2425","768041",20,2
"2426","768029",21,3
"2427","768013",13,0
"2428","767957",22,1
"2429","767951",15,2
"2430","767909",22,1
"2431","767881",15,1
"2432","767869",19,2
"2433","767867",29,4
"2434","767863",16,3
"2435","767857",13,1
"2436","767843",23,1
"2437","767831",15,1
"2438","767827",16,1
"2439","767813",18,1
"2440","767783",22,1
"2441","767773",36,1
"2442","767761",25,1
"2443","767759",23,0
"2444","767749",21,0
"2445","767747",36,2
"2446","767729",20,1
"2447","767707",36,5
"2448","767681",22,1
"2449","767677",53,12
"2450","767647",29,1
"2451","767633",13,2
"2452","767623",22,2
"2453","767617",32,2
"2454","767603",14,1
"2455","767597",19,0
"2456","767587",23,1
"2457","767551",17,0
"2458","767549",18,1
"2459","767539",16,1
"2460","767537",22,2
"2461","767527",21,1
"2462","767521",21,2
"2463","767513",22,0
"2464","767509",26,1
"2465","767489",14,0
"2466","767471",21,1
"2467","767443",18,1
"2468","767423",19,0
"2469","767399",31,1
"2470","767381",15,2
"2471","767359",21,2
"2472","767357",19,1
"2473","767339",15,2
"2474","767323",33,3
"2475","767321",17,1
"2476","767317",17,1
"2477","767309",17,1
"2478","767293",19,1
"2479","767287",18,1
"2480","767279",21,1
"2481","767243",13,1
"2482","767203",17,1
"2483","767167",23,1
"2484","767161",22,3
"2485","767153",26,1
"2486","767147",24,1
"2487","767131",30,0
"2488","767111",27,3
"2489","767101",19,1
"2490","767093",15,0
"2491","767089",14,1
"2492","767071",21,2
"2493","767051",12,1
"2494","767029",13,0
"2495","767017",20,2
"2496","766999",76,12
"2497","766967",13,1
"2498","766957",18,2
"2499","766943",15,1
"2500","766939",20,1
"2501","766937",15,1
"2502","766907",19,1
"2503","766901",24,1
"2504","766891",19,0
"2505","766877",25,4
"2506","766873",12,2
"2507","766867",20,1
"2508","766861",15,2
"2509","766817",14,0
"2510","766813",18,0
"2511","766811",21,1
"2512","766807",19,1
"2513","766793",16,0
"2514","766769",26,2
"2515","766763",21,0
"2516","766757",18,1
"2517","766739",26,1
"2518","766721",21,0
"2519","766687",38,3
"2520","766679",28,1
"2521","766651",19,1
"2522","766639",20,3
"2523","766637",17,3
"2524","766609",29,4
"2525","766583",15,1
"2526","766559",27,3
"2527","766553",40,4
"2528","766543",19,1
"2529","766541",16,1
"2530","766531",19,0
"2531","766511",21,2
"2532","766501",17,3
"2533","766487",16,1
"2534","766477",19,0
"2535","766471",12,1
"2536","766457",20,1
"2537","766453",15,0
"2538","766439",15,0
"2539","766421",19,1
"2540","766399",26,3
"2541","766393",16,1
"2542","766387",20,0
"2543","766373",16,0
"2544","766369",21,4
"2545","766361",10,0
"2546","766357",26,1
"2547","766333",22,2
"2548","766321",21,1
"2549","766313",16,1
"2550","766301",26,3
"2551","766277",24,2
"2552","766273",19,1
"2553","766261",21,1
"2554","766247",22,1
"2555","766237",15,2
"2556","766231",16,2
"2557","766229",24,2
"2558","766223",16,1
"2559","766211",9,2
"2560","766187",23,2
"2561","766177",14,2
"2562","766169",21,2
"2563","766163",15,2
"2564","766127",13,2
"2565","766111",19,4
"2566","766109",16,2
"2567","766097",15,3
"2568","766091",17,1
"2569","766079",11,2
"2570","766067",18,1
"2571","766049",12,1
"2572","766039",14,2
"2573","766021",15,3
"2574","765991",20,3
"2575","765983",13,2
"2576","765971",14,2
"2577","765953",12,2
"2578","765949",24,3
"2579","765931",19,4
"2580","765913",18,3
"2581","765907",13,1
"2582","765899",20,2
"2583","765893",12,1
"2584","765889",16,2
"2585","765881",22,2
"2586","765859",12,1
"2587","765857",23,0
"2588","765851",17,0
"2589","765847",15,1
"2590","765827",17,3
"2591","765823",18,1
"2592","765781",10,2
"2593","765773",13,1
"2594","765767",33,3
"2595","765763",10,0
"2596","765749",15,2
"2597","765727",11,1
"2598","765707",22,1
"2599","765673",8,1
"2600","765659",26,2
"2601","765649",20,2
"2602","765623",17,1
"2603","765619",12,3
"2604","765613",13,0
"2605","765587",14,2
"2606","765581",21,1
"2607","765577",24,3
"2608","765539",16,3
"2609","765533",23,1
"2610","765521",11,1
"2611","765503",16,0
"2612","765497",14,0
"2613","765487",23,2
"2614","765467",17,2
"2615","765461",15,0
"2616","765439",17,0
"2617","765437",13,4
"2618","765409",20,3
"2619","765389",12,1
"2620","765383",12,1
"2621","765379",17,1
"2622","765353",16,2
"2623","765329",19,1
"2624","765319",18,1
"2625","765313",11,1
"2626","765307",9,0
"2627","765293",16,2
"2628","765287",20,3
"2629","765283",11,2
"2630","765257",11,1
"2631","765251",14,1
"2632","765241",21,4
"2633","765229",22,1
"2634","765227",17,1
"2635","765211",17,1
"2636","765209",23,1
"2637","765203",18,1
"2638","765199",22,2
"2639","765181",19,1
"2640","765169",21,3
"2641","765151",23,1
"2642","765143",16,2
"2643","765139",9,0
"2644","765137",11,2
"2645","765131",16,1
"2646","765109",14,1
"2647","765103",15,1
"2648","765097",15,1
"2649","765091",13,1
"2650","765059",16,1
"2651","765047",16,0
"2652","765043",17,2
"2653","765041",10,2
"2654","765031",20,4
"2655","765007",26,3
"2656","764999",34,3
"2657","764993",19,1
"2658","764989",21,1
"2659","764977",18,1
"2660","764971",11,0
"2661","764969",26,6
"2662","764947",17,0
"2663","764903",19,1
"2664","764899",12,2
"2665","764893",11,1
"2666","764891",28,4
"2667","764887",9,0
"2668","764857",9,2
"2669","764849",6,1
"2670","764839",15,1
"2671","764837",11,1
"2672","764809",15,2
"2673","764789",19,2
"2674","764783",16,2
"2675","764723",26,1
"2676","764719",18,3
"2677","764717",17,1
"2678","764689",14,1
"2679","764683",13,0
"2680","764657",22,2
"2681","764629",13,2
"2682","764627",18,1
"2683","764623",18,0
"2684","764611",11,2
"2685","764593",17,2
"2686","764591",20,3
"2687","764587",25,3
"2688","764563",18,1
"2689","764551",11,0
"2690","764539",17,3
"2691","764521",23,1
"2692","764501",15,2
"2693","764471",16,2
"2694","764459",18,1
"2695","764447",20,3
"2696","764431",13,1
"2697","764399",16,0
"2698","764381",17,1
"2699","764369",34,3
"2700","764341",18,1
"2701","764339",16,2
"2702","764327",14,0
"2703","764321",19,3
"2704","764317",15,2
"2705","764293",18,1
"2706","764273",22,3
"2707","764261",11,0
"2708","764251",25,3
"2709","764249",20,1
"2710","764233",10,0
"2711","764209",16,0
"2712","764189",23,3
"2713","764171",10,0
"2714","764149",13,0
"2715","764143",13,0
"2716","764131",11,0
"2717","764111",17,0
"2718","764089",19,0
"2719","764081",14,0
"2720","764059",21,0
"2721","764053",11,0
"2722","764051",15,0
"2723","764041",16,2
"2724","764021",14,2
"2725","764017",14,0
"2726","764011",17,3
"2727","764003",17,1
"2728","763999",46,5
"2729","763967",15,0
"2730","763957",19,0
"2731","763943",21,0
"2732","763937",20,2
"2733","763927",17,3
"2734","763921",19,1
"2735","763913",17,4
"2736","763907",19,1
"2737","763901",9,3
"2738","763897",9,1
"2739","763883",8,0
"2740","763879",10,1
"2741","763859",9,0
"2742","763843",17,2
"2743","763823",11,0
"2744","763811",17,1
"2745","763801",17,0
"2746","763787",16,2
"2747","763771",14,3
"2748","763757",16,3
"2749","763753",16,2
"2750","763751",19,3
"2751","763739",19,3
"2752","763699",19,2
"2753","763673",33,4
"2754","763663",21,2
"2755","763649",19,1
"2756","763627",12,0
"2757","763621",15,1
"2758","763619",23,1
"2759","763613",22,3
"2760","763601",22,1
"2761","763597",12,1
"2762","763583",16,0
"2763","763579",13,1
"2764","763573",14,1
"2765","763559",10,1
"2766","763549",29,3
"2767","763523",17,2
"2768","763513",20,0
"2769","763493",19,2
"2770","763481",19,1
"2771","763471",17,2
"2772","763457",23,4
"2773","763447",26,3
"2774","763429",17,2
"2775","763423",17,4
"2776","763417",21,3
"2777","763409",23,2
"2778","763403",20,1
"2779","763391",15,1
"2780","763381",13,1
"2781","763369",24,4
"2782","763349",17,2
"2783","763339",25,3
"2784","763307",19,1
"2785","763303",16,1
"2786","763271",15,1
"2787","763267",17,4
"2788","763261",12,1
"2789","763237",12,0
"2790","763223",18,1
"2791","763201",25,3
"2792","763183",26,2
"2793","763159",17,3
"2794","763157",16,0
"2795","763141",21,1
"2796","763123",20,2
"2797","763111",28,4
"2798","763093",23,1
"2799","763073",26,6
"2800","763067",20,3
"2801","763043",18,0
"2802","763039",12,1
"2803","763031",19,0
"2804","763027",23,2
"2805","763013",18,1
"2806","763001",16,0
"2807","762989",16,3
"2808","762973",17,0
"2809","762967",12,1
"2810","762959",7,0
"2811","762919",11,2
"2812","762917",8,1
"2813","762913",13,3
"2814","762901",30,2
"2815","762899",12,0
"2816","762893",11,0
"2817","762877",15,1
"2818","762871",13,2
"2819","762847",13,1
"2820","762823",18,2
"2821","762821",15,2
"2822","762809",14,2
"2823","762791",17,1
"2824","762779",13,0
"2825","762761",23,5
"2826","762743",18,3
"2827","762737",23,1
"2828","762721",17,0
"2829","762667",20,0
"2830","762659",11,0
"2831","762653",18,0
"2832","762647",14,0
"2833","762599",13,0
"2834","762583",22,2
"2835","762577",13,1
"2836","762571",13,2
"2837","762563",14,1
"2838","762557",19,2
"2839","762547",12,1
"2840","762539",20,2
"2841","762529",20,5
"2842","762499",14,2
"2843","762491",16,1
"2844","762479",17,1
"2845","762409",19,2
"2846","762407",20,3
"2847","762401",23,1
"2848","762397",20,1
"2849","762389",25,0
"2850","762379",20,1
"2851","762373",24,2
"2852","762371",24,3
"2853","762367",22,0
"2854","762329",16,0
"2855","762319",22,1
"2856","762277",21,1
"2857","762257",21,2
"2858","762253",18,2
"2859","762241",11,0
"2860","762239",13,2
"2861","762233",15,1
"2862","762227",26,3
"2863","762211",27,1
"2864","762187",15,1
"2865","762121",12,1
"2866","762101",12,2
"2867","762061",15,1
"2868","762053",17,3
"2869","762049",15,1
"2870","762037",8,3
"2871","762031",15,2
"2872","762017",9,0
"2873","762007",19,1
"2874","762001",26,0
"2875","761993",13,0
"2876","761983",13,1
"2877","761977",17,1
"2878","761963",17,0
"2879","761939",21,0
"2880","761927",16,0
"2881","761897",20,1
"2882","761879",21,1
"2883","761869",21,1
"2884","761863",17,2
"2885","761861",18,0
"2886","761833",11,0
"2887","761809",26,1
"2888","761807",19,0
"2889","761779",17,0
"2890","761777",34,5
"2891","761773",10,1
"2892","761731",21,3
"2893","761713",19,0
"2894","761711",22,2
"2895","761689",21,2
"2896","761681",14,1
"2897","761671",25,0
"2898","761669",13,3
"2899","761633",15,0
"2900","761623",22,2
"2901","761611",13,1
"2902","761603",13,1
"2903","761597",24,3
"2904","761591",15,0
"2905","761567",20,4
"2906","761561",14,0
"2907","761543",27,1
"2908","761533",14,0
"2909","761531",15,0
"2910","761521",15,0
"2911","761489",17,0
"2912","761483",17,0
"2913","761477",15,1
"2914","761471",11,0
"2915","761459",19,1
"2916","761443",14,0
"2917","761441",17,0
"2918","761437",16,2
"2919","761429",16,1
"2920","761417",29,3
"2921","761407",20,1
"2922","761399",23,0
"2923","761393",25,0
"2924","761389",23,2
"2925","761381",15,1
"2926","761377",27,0
"2927","761363",25,0
"2928","761357",16,0
"2929","761351",10,1
"2930","761347",11,0
"2931","761297",10,0
"2932","761291",25,3
"2933","761263",12,0
"2934","761261",11,1
"2935","761251",20,2
"2936","761249",24,2
"2937","761227",16,0
"2938","761213",21,1
"2939","761207",17,2
"2940","761203",18,2
"2941","761183",16,0
"2942","761179",11,0
"2943","761177",24,4
"2944","761161",21,6
"2945","761153",15,1
"2946","761129",19,0
"2947","761119",21,1
"2948","761113",19,0
"2949","761087",16,1
"2950","761069",20,3
"2951","761051",20,0
"2952","761023",18,2
"2953","761009",15,0
"2954","761003",14,1
"2955","760997",15,1
"2956","760993",15,0
"2957","760961",12,1
"2958","760951",23,0
"2959","760939",23,0
"2960","760933",20,0
"2961","760927",20,1
"2962","760913",20,0
"2963","760901",16,1
"2964","760897",19,3
"2965","760891",17,0
"2966","760871",16,0
"2967","760847",13,1
"2968","760843",23,1
"2969","760841",21,0
"2970","760813",12,0
"2971","760807",22,0
"2972","760783",17,1
"2973","760769",17,1
"2974","760759",25,2
"2975","760729",18,1
"2976","760723",23,2
"2977","760693",17,2
"2978","760657",11,0
"2979","760649",18,2
"2980","760637",18,1
"2981","760621",19,1
"2982","760619",10,0
"2983","760607",63,5
"2984","760579",13,1
"2985","760567",20,1
"2986","760561",16,0
"2987","760553",11,2
"2988","760549",12,0
"2989","760537",11,0
"2990","760531",15,1
"2991","760519",19,3
"2992","760511",16,0
"2993","760499",14,1
"2994","760489",16,0
"2995","760477",14,1
"2996","760457",11,0
"2997","760453",11,0
"2998","760447",11,0
"2999","760433",15,1
"3000","760423",25,1
"3001","760411",23,1
"3002","760373",11,0
"3003","760367",13,0
"3004","760343",29,3
"3005","760321",15,1
"3006","760301",14,1
"3007","760297",10,0
"3008","760289",9,0
"3009","760273",17,1
"3010","760267",18,0
"3011","760261",16,1
"3012","760241",8,0
"3013","760237",16,0
"3014","760231",19,1
"3015","760229",13,2
"3016","760211",13,1
"3017","760187",16,1
"3018","760183",14,0
"3019","760169",17,2
"3020","760163",14,1
"3021","760153",11,0
"3022","760147",13,1
"3023","760141",10,1
"3024","760129",12,0
"3025","760117",14,0
"3026","760103",12,0
"3027","760093",19,2
"3028","760079",22,2
"3029","760063",16,0
"3030","760043",13,0
"3031","760007",36,7
"3032","759973",13,0
"3033","759961",8,0
"3034","759959",37,5
"3035","759953",18,1
"3036","759947",10,0
"3037","759929",19,0
"3038","759923",15,0
"3039","759911",17,0
"3040","759893",12,0
"3041","759881",19,0
"3042","759833",20,0
"3043","759821",13,0
"3044","759799",21,5
"3045","759797",19,2
"3046","759763",19,0
"3047","759757",15,0
"3048","759739",22,2
"3049","759727",14,2
"3050","759719",19,1
"3051","759709",20,0
"3052","759701",14,0
"3053","759697",17,2
"3054","759691",29,4
"3055","759673",12,0
"3056","759659",21,3
"3057","759653",15,1
"3058","759641",22,1
"3059","759637",19,0
"3060","759631",17,2
"3061","759623",14,1
"3062","759617",17,2
"3063","759599",43,6
"3064","759589",17,2
"3065","759581",14,2
"3066","759571",22,0
"3067","759569",22,4
"3068","759559",24,2
"3069","759557",26,7
"3070","759553",15,2
"3071","759547",23,2
"3072","759523",11,0
"3073","759503",18,0
"3074","759491",22,1
"3075","759467",13,1
"3076","759463",13,0
"3077","759457",12,0
"3078","759433",11,0
"3079","759431",14,2
"3080","759401",11,0
"3081","759397",15,2
"3082","759377",10,0
"3083","759371",19,1
"3084","759359",28,6
"3085","759329",16,0
"3086","759313",14,1
"3087","759301",18,2
"3088","759293",16,1
"3089","759287",16,1
"3090","759263",21,0
"3091","759229",19,0
"3092","759223",14,0
"3093","759193",16,1
"3094","759181",12,1
"3095","759179",19,1
"3096","759173",9,1
"3097","759167",25,0
"3098","759149",9,1
"3099","759131",9,0
"3100","759113",9,0
"3101","759103",7,1
"3102","759089",23,5
"3103","759053",9,0
"3104","759047",19,0
"3105","759037",10,0
"3106","759029",10,0
"3107","759019",12,0
"3108","759001",31,4
"3109","758987",15,1
"3110","758971",16,1
"3111","758969",21,6
"3112","758963",17,2
"3113","758957",19,1
"3114","758941",27,2
"3115","758929",18,0
"3116","758899",30,5
"3117","758893",11,1
"3118","758887",14,1
"3119","758867",25,3
"3120","758851",17,2
"3121","758837",14,3
"3122","758827",25,1
"3123","758819",13,1
"3124","758789",19,1
"3125","758783",13,0
"3126","758767",17,1
"3127","758753",15,1
"3128","758743",12,0
"3129","758741",14,0
"3130","758731",16,1
"3131","758729",16,1
"3132","758713",12,1
"3133","758711",19,0
"3134","758707",20,1
"3135","758699",26,2
"3136","758687",17,0
"3137","758671",20,1
"3138","758633",24,1
"3139","758629",14,0
"3140","758617",21,1
"3141","758599",21,1
"3142","758579",26,1
"3143","758573",18,0
"3144","758561",17,0
"3145","758551",12,0
"3146","758521",12,0
"3147","758519",13,0
"3148","758503",13,0
"3149","758501",9,0
"3150","758491",14,0
"3151","758453",12,1
"3152","758449",8,1
"3153","758441",12,1
"3154","758431",18,0
"3155","758411",13,0
"3156","758393",13,2
"3157","758383",29,1
"3158","758363",13,1
"3159","758357",25,1
"3160","758341",17,1
"3161","758339",20,1
"3162","758323",19,1
"3163","758299",15,0
"3164","758279",14,1
"3165","758273",16,1
"3166","758269",16,3
"3167","758267",14,0
"3168","758243",13,0
"3169","758237",16,0
"3170","758231",14,2
"3171","758227",22,2
"3172","758203",13,1
"3173","758201",19,1
"3174","758189",12,0
"3175","758179",13,1
"3176","758159",18,1
"3177","758141",14,1
"3178","758137",18,1
"3179","758111",15,1
"3180","758101",17,1
"3181","758099",16,0
"3182","758083",14,0
"3183","758071",18,1
"3184","758053",14,0
"3185","758041",25,0
"3186","758029",11,0
"3187","758003",10,1
"3188","757997",23,1
"3189","757993",12,0
"3190","757951",13,0
"3191","757943",16,0
"3192","757937",6,0
"3193","757927",20,1
"3194","757909",7,0
"3195","757903",10,0
"3196","757879",15,0
"3197","757829",13,0
"3198","757819",19,0
"3199","757811",9,0
"3200","757807",12,1
